,nodes,edges,nr of connected components,effective diameter,full diameter,average (shortest) path length,graph type
,,,,,,,
cit-Patents.txt,,,,,,,
graph,3774768,16518948,1,9.39,23,8.152,directed
ff 50,1720212,4255240,1,11.765,29,9.998,directed
ff 30,1090111,2382085,1,12.639,29,10.618,directed
ff 15,556831,1065240,1,13.854,35,11.425,directed
ff 05,187520,317275,1,15.312,36,12.199,directed
re 50,1887384,1843866,1,26.085,68,20.055,directed
re 30,1132431,813541,1,42.599,105,30.235,directed
re 15,566216,336716,1,48.967,92,21.723,directed
re 05,188739,99895,1,0.941,6,0.639,directed
rw 50,1887384,2065453,1,23.444,61,17.715,directed
rw 30,1132431,1010093,1,30.573,108,21.71,directed
rw 15,566216,437676,1,38.485,111,25.932,directed
rw 05,188739,132093,1,90.407,124,45.191,directed
,,,,,,,
com-orkut.ungraph.txt,,,,,,,
graph,3072441,117185083,1,4.767,9,4.218,undirected
ff 50,1536221,8342285,1,5.37,8,4.77,undirected
ff 30,921733,3288045,1,4.826,7,4.196,undirected
ff 15,460867,1072951,1,5.26,8,4.547,undirected
ff 05,153623,205937,1,5.702,7,4.741,undirected
re 50,1536222,1735677,34,18.707,47,13.779,undirected
re 30,921734,732035,98,26.092,91,15.338,undirected
re 15,460867,291969,44,21.434,47,16.48,undirected
re 05,153624,83916,33,1.782,14,0.988,undirected
rw 50,1536221,2395257,11,13.618,34,11.235,undirected
rw 30,921733,1104714,25,20.21,50,16.072,undirected
rw 15,460867,469535,45,35.376,94,26.302,undirected
rw 05,153623,141427,122,108.123,284,61.77,undirected
,,,,,,,
email-EuAll.txt,,,,,,,
graph,265214,420045,4,4.533,13,4.117,
ff 50,102932,186048,7,4.618,13,4.136,directed
ff 30,66317,144555,6,4.571,11,4.088,directed
ff 15,39519,114416,4,4.328,8,3.956,directed
ff 05,13262,22470,2,3.98,6,3.795,directed
re 50,132607,179322,7,4.975,12,4.421,directed
re 30,79565,98270,7,5.433,12,4.696,directed
re 15,39783,44734,5,5.949,13,5.211,directed
re 05,13261,12918,4,8.871,19,7.174,directed
rw 50,132607,211409,5,4.744,12,4.227,directed
rw 30,79565,129953,5,4.758,12,4.233,directed
rw 15,39783,64672,8,4.96,11,4.423,directed
rw 05,13261,19933,9,5.781,14,4.932,directed
,,,,,,,
out.dbpedia-link,,,,,,,
graph,18268991,136537565,,,,,directed
ff 50,9134495,82497867,6,5.1,10,4.543,directed
ff 30,5480698,37781897,3,4.965,8,4.643,directed
ff 15,2740345,13120501,4,4.899,8,4.611,directed
ff 05,913448,2913725,2,4.787,7,4.403,directed
re 50,9134496,44857471,31,5.762,14,5.018,directed
re 30,5480698,14825783,24,6.661,17,5.671,directed
re 15,2740349,3716144,16,8.733,22,7.222,directed
re 05,913450,739580,11,13.978,39,10.935,directed
rw 50,9134496,25461221,19,5.942,17,5.275,directed
rw 30,5480698,11834327,15,6.627,19,5.62,directed
rw 15,2740349,4727341,11,7.24,23,6.008,directed
rw 05,913450,1221292,10,8.465,27,6.743,directed
,,,,,,,
out.livejournal-links,,,,,23 in snap?,,
graph,5204175,49174464,44,6.343,20,5.489,undirected
ff 50,2602088,14129406,1,5.662,10,5.044,undirected
ff 30,1561252,5673523,1,5.578,10,4.943,undirected
ff 15,780627,6812705,1,4.903,8,4.44,undirected
ff 05,260209,442791,1,5.754,8,5.094,undirected
re 50,2602088,4653140,82,11.129,38,9.072,undirected
re 30,1561253,1667276,98,16.36,57,12.559,undirected
re 15,780627,584753,98,26.136,73,17.856,undirected
re 05,260209,151958,60,47.86,83,26.951,undirected
rw 50,2602088,4860502,75,10.79,42,8.961,undirected
rw 30,1561253,2137564,67,14.55,53,11.708,undirected
rw 15,780627,860416,58,22.427,95,17.322,undirected
rw 05,260209,247759,84,52.256,141,37.446,undirected
,,,,,,,
out.wikipedia_link_en,,,,,10 in snap,,
graph,12150976,378142420,31,4.631,9,3.99,directed
ff 50,6075489,203459466,3,4.594,9,3.952,directed
ff 30,3645294,53102478,2,4.694,8,4.228,directed
ff 15,1822646,15645306,2,4.616,7,4.179,directed
ff 05,607549,2626366,2,4.376,7,4.064,directed
re 50,6075488,37262225,57,5.829,16,5.074,directed
re 30,3645293,8307711,96,8.068,26,6.859,directed
re 15,1822647,1954525,129,13.982,48,10.965,directed
re 05,607549,404728,6,37.536,84,25.552,directed
rw 50,6075489,20881294,45,6.188,20,5.285,directed
rw 30,3645294,9031733,52,7.105,26,5.857,directed
rw 15,1822647,3319256,53,8.728,40,6.751,directed
rw 05,607549,810629,27,11.651,58,8.416,directed
,,,,,,,
roadNet-CA.txt,,,,,,,
graph,1965206,2766607,26,503.77,861,311.629,undirected
ff 50,982603,1331453,1,731.734,1270,432.33,undirected
ff 30,589562,801745,3,703.057,979,388.324,undirected
ff 15,294781,402064,1,374.669,539,225.289,undirected
ff 05,98262,129612,1,229.887,333,141.05,undirected
re 50,982603,630321,25,2.726,14,1.357,undirected
re 30,589563,336717,12,1.533,8,0.834,undirected
re 15,294782,156781,7,0.928,6,0.621,undirected
re 05,98261,50115,4,0.84,3,0.537,undirected
rw 50,982603,937239,249,24.296,89,11.483,undirected
rw 30,589562,524393,105,11.549,38,5.514,undirected
rw 15,294781,251190,57,7.488,29,3.633,undirected
rw 05,98261,81609,37,5.7,27,2.842,undirected
,,,,,,,
roadNet-PA.txt,,,,,,,
graph,1088092,1541898,10,532.591,789,308.42,undirected
ff 50,544047,738719,1,741.296,1011,412.073,undirected
ff 30,326429,440039,1,379.34,625,238.845,undirected
ff 15,163215,220446,1,281.964,463,175.565,undirected
ff 05,54406,73344,1,190.446,322,119.375,undirected
re 50,544046,349754,25,2.78,16,1.401,undirected
re 30,326429,186682,12,1.519,8,0.829,undirected
re 15,163215,86908,7,0.93,5,0.623,undirected
re 05,54406,27768,4,0.841,3,0.538,undirected
rw 50,544046,520635,234,28.463,101,13.131,undirected
rw 30,326428,291113,89,10.856,36,5.25,undirected
rw 15,163214,139500,52,7.332,28,3.566,undirected
rw 05,54405,45090,31,5.573,18,2.767,undirected
,,,,,,,
roadNet-TX.txt,,,,,,,
graph,1379917,1921660,21,669.074,1064,415.069,undirected
ff 50,689949,925010,42,539.841,932,296.638,undirected
ff 30,413974,561521,10,672.351,1125,349.383,undirected
ff 15,206987,281172,6,231.971,429,143.453,undirected
ff 05,68996,92909,8,218.019,353,122.41,undirected
re 50,689959,442547,27,2.709,10,1.348,undirected
re 30,413976,236337,12,1.497,7,0.822,undirected
re 15,206988,110190,8,0.942,5,0.631,undirected
re 05,68996,35173,4,0.84,3,0.537,undirected
rw 50,689959,656931,229,25.524,74,11.925,undirected
rw 30,413976,367715,96,11.172,43,5.331,undirected
rw 15,206988,175829,54,7.309,25,3.55,undirected
rw 05,68996,57150,33,5.514,25,2.766,undirected
,,,,,,,
soc-LiveJournal1.txt,,,,,,,
graph,4847571,68993773,68,6.461,16,5.562,directed
ff 50,2423786,18834194,10,5.829,10,5.247,directed
ff 30,1454273,7866412,4,5.743,10,5.129,directed
ff 15,727136,2349816,4,5.733,9,5.099,directed
ff 05,242380,499380,4,5.823,8,5.188,directed
re 50,2423786,4732678,102,10.972,41,8.997,directed
re 30,1454272,1616038,74,16.546,52,12.673,directed
re 15,727136,549927,28,26.275,71,18.15,directed
re 05,242379,141355,3,45.08,68,25.825,directed
rw 50,2423786,5112804,86,10.536,37,8.684,directed
rw 30,1454272,2180825,62,13.768,69,11.026,directed
rw 15,727136,857171,38,20.201,64,15.39,directed
rw 05,242379,241686,25,40.1,111,28.346,directed
,,,,,,,
web-Google.txt,,,,,,,
graph,875713,5105039,95,8,22,6.348,directed
ff 50,437858,2220501,73,8.31,19,6.619,directed
ff 30,262714,1080541,50,8.146,16,6.711,directed
ff 15,131358,437213,35,7.945,15,6.72,directed
ff 05,43787,121323,41,8.248,15,6.933,directed
re 50,437857,520846,61,16.197,47,12.345,directed
re 30,262714,218726,11,33.699,77,22.71,directed
re 15,131357,86876,5,11.638,23,6.033,directed
re 05,43786,24735,2,1.89,8,1.15,directed
rw 50,437857,788873,85,12.791,35,10.077,directed
rw 30,262714,388294,74,17.018,44,13.028,directed
rw 15,131357,166960,88,24.895,68,18.081,directed
rw 05,43786,48555,71,17.795,37,9.948,directed
,,,,,,,
wiki-Talk.txt,,,,,,,
graph,2394385,5021410,9,3.964,9,3.901,directed
ff 50,1197183,2110351,2,3.891,6,3.791,directed
ff 30,718317,1135706,3,3.86,6,3.683,directed
ff 15,359142,531817,2,3.87,6,3.712,directed
ff 05,119697,144530,2,3.878,5,3.731,directed
re 50,1197193,2041209,5,4.563,10,4.138,directed
re 30,718316,1094052,4,4.818,10,4.368,directed
re 15,359158,481382,4,5.365,12,4.766,directed
re 05,119720,133969,3,6.821,15,5.849,directed
rw 50,1197193,2456782,9,4.536,10,4.1,directed
rw 30,718316,1396572,9,4.805,12,4.312,directed
rw 15,359158,577085,9,5.436,15,4.754,directed
rw 05,119720,138870,9,6.976,17,5.951,directed
,,,,,,,
NEW,,,,,,,
,,,,,,,
facebook_combined.txt,,,,,,,
graph,4039,88234,1,4.757,8,3.692,undirected
ff 50,2021,4238,1,3.816,6,3.12,undirected
ff 30,1213,3208,1,3.537,6,2.782,undirected
ff 15,607,1111,1,3.259,4,2.727,undirected
ff 05,203,202,1,1.899,2,1.98,undirected
re 50,2020,2238,15,19.742,44,11.776,undirected
re 30,1213,933,12,12.662,21,8.166,undirected
re 15,606,373,9,2.108,6,1.166,undirected
re 05,203,109,3,0.939,2,0.623,undirected
rw 50,2020,2819,8,17.952,27,11.773,undirected
rw 30,1212,1372,12,14.915,32,9.429,undirected
rw 15,606,600,15,32.452,53,13.076,undirected
rw 05,202,188,12,8.736,17,4.404,undirected
,,,,,,,
soc-Slashdot0811.txt,,,,,,,
graph,77360,905468,6,4.685,11,4.023,directed
ff 50,38681,208686,2,3.97,6,3.724,directed
ff 30,23209,68133,2,3.915,6,3.654,directed
ff 15,11605,21767,2,3.869,5,3.588,directed
ff 05,3869,5179,2,3.872,4,3.68,directed
re 50,38680,82322,4,5.935,15,5.113,directed
re 30,23208,31730,4,7.664,20,6.349,directed
re 15,11604,10594,4,12.78,25,9.936,directed
re 05,3869,2524,1,3.53,10,1.734,directed
rw 50,38680,101881,9,6.002,15,5.15,directed
rw 30,23209,45654,9,7.143,17,5.939,directed
rw 15,11604,17491,8,9.649,23,7.664,directed
rw 05,3869,4615,8,19.009,43,14.098,directed
,,,,,,,
soc-Slashdot0902.txt,,,,,,,
graph,82168,948464,7,4.747,12,4.073,directed
ff 50,41084,225285,2,3.973,6,3.729,directed
ff 30,24652,79223,2,3.9,6,3.643,directed
ff 15,12327,24544,2,3.891,6,3.632,directed
ff 05,4110,5325,2,3.827,4,3.452,directed
re 50,41084,87323,5,5.974,16,5.151,directed
re 30,24651,33614,4,7.61,18,6.312,directed
re 15,12327,11449,4,11.902,22,9.341,directed
re 05,4109,2705,2,5.336,14,2.48,directed
rw 50,41084,103002,10,6.211,16,5.239,directed
rw 30,24651,47236,10,7.347,20,6.042,directed
rw 15,12326,17904,6,9.809,23,7.851,directed
rw 05,4109,4653,6,21.38,49,15.163,directed
,,,,,,,
wiki-Vote.txt,,,,,,,
graph,7115,103689,2,3.78,7,3.252,directed
ff 50,3157,47440,2,3.511,8,2.915,directed
ff 30,2134,25337,2,3.002,5,2.712,directed
ff 15,1068,2526,2,2.994,4,2.647,directed
ff 05,354,406,2,4.773,6,3.782,directed
re 50,3558,10753,2,4.962,10,4.247,directed
re 30,2135,2768,3,8.315,17,6.599,directed
re 15,1068,826,2,16.75,28,9.575,directed
re 05,356,209,1,1.877,4,0.972,directed
rw 50,3558,5753,3,6.566,13,5.337,directed
rw 30,2136,2549,3,8.484,16,6.668,directed
rw 15,1068,1031,5,13.894,26,9.884,directed
rw 05,356,280,2,6.643,12,3.557,directed
,,,,,,,
com-amazon.ungraph.txt,,,,,,,
graph,334863,925872,1,15.347,46,11.97,undirected
ff 50,167430,373217,1,12.705,21,10.35,undirected
ff 30,100458,197361,1,12.897,23,10.32,undirected
ff 15,50230,90962,1,15.053,21,11.491,undirected
ff 05,16744,29256,1,15.275,18,11.443,undirected
re 50,167433,132941,117,79.413,146,49.135,undirected
re 30,100460,65712,52,5.756,19,2.571,undirected
re 15,50230,28713,16,1.647,7,0.883,undirected
re 05,16744,8775,7,0.903,4,0.594,undirected
rw 50,167432,209471,72,31.246,90,22.943,undirected
rw 30,100459,108773,76,48.575,118,33.855,undirected
rw 15,50230,49498,85,76.125,140,49.302,undirected
rw 05,16744,15570,54,13.222,39,6.032,undirected
,,,,,,,
com-dblp.ungraph.txt,,,,,,,
graph,317080,1049866,1,8.015,20,6.77,undirected
ff 50,158541,417986,1,6.915,12,6.081,undirected
ff 30,95125,217706,1,6.68,11,5.805,undirected
ff 15,47563,99556,1,6.421,10,5.553,undirected
ff 05,15855,29824,1,6.131,9,5.195,undirected
re 50,158540,160538,40,15.969,41,12.272,undirected
re 30,95125,72563,45,24.686,56,17.869,undirected
re 15,47562,29498,41,11.268,29,4.802,undirected
re 05,15854,8586,10,1.438,23,0.95,undirected
rw 50,158540,223809,30,13.828,36,10.897,undirected
rw 30,95124,112648,35,18.348,45,14.025,undirected
rw 15,47562,49036,45,29.508,66,21.681,undirected
rw 05,15854,14894,66,39.033,71,20.823,undirected
,,,,,,,
com-lj.ungraph.txt,,,,,,,
graph,3997962,34681189,1,6.48,19,5.575,undirected
ff 50,1998982,13072081,1,5.732,10,5.09,undirected
ff 30,1199390,5242019,1,5.464,9,4.865,undirected
ff 15,599696,1810003,1,5.605,9,4.895,undirected
ff 05,199900,431512,1,4.941,7,4.521,undirected
re 50,1998981,3287084,76,11.733,48,9.467,undirected
re 30,1199389,1207070,93,17.386,60,13.202,undirected
re 15,599695,430525,87,24.795,67,17.672,undirected
re 05,199899,114513,52,17.923,36,9.093,undirected
rw 50,1998981,3571303,63,11.141,40,9.236,undirected
rw 30,1199389,1582498,66,15.141,63,12.16,undirected
rw 15,599695,645053,53,23.48,65,18.076,undirected
rw 05,199899,187372,78,55.894,146,39.674,undirected
,,,,,,,
com-youtube.ungraph.txt,,,,,,,
graph,1134890,2987624,1,6.466,20,5.27,undirected
ff 50,567445,1704610,2,4.841,7,4.358,undirected
ff 30,340466,973776,1,4.362,7,3.971,undirected
ff 15,170234,345939,1,3.939,8,3.693,undirected
ff 05,56745,91283,1,3.728,5,3.223,undirected
re 50,567445,900084,34,7.109,25,5.799,undirected
re 30,340467,415026,28,7.814,23,6.336,undirected
re 15,170234,160524,28,9.269,26,7.381,undirected
re 05,56745,40743,38,16.424,52,11.938,undirected
rw 50,567445,971999,38,7.517,25,6.001,undirected
rw 30,340467,495074,37,8.264,29,6.549,undirected
rw 15,170234,212736,28,9.847,29,7.59,undirected
rw 05,56745,59922,24,13.634,40,10.004,undirected
,,,,,,,
email-Enron.txt,,,,,,,
graph,36692,183831,16,4.78,13,4.017,undirected
ff 50,18346,84233,1,3.878,6,3.526,undirected
ff 30,11009,18932,1,3.865,6,3.526,undirected
ff 15,5505,8378,1,3.837,5,3.501,undirected
ff 05,1836,2580,1,3.698,5,3.078,undirected
re 50,18346,33140,16,6.94,23,5.372,undirected
re 30,11008,13898,16,7.391,20,5.839,undirected
re 15,5505,4893,13,10.482,19,8.035,undirected
re 05,1836,1156,17,5.814,14,2.572,undirected
rw 50,18346,34688,17,6.794,22,5.325,undirected
rw 30,11008,16749,15,7.951,27,6.147,undirected
rw 15,5504,6864,15,9.509,23,7.3,undirected
rw 05,1835,1963,12,16.898,36,11.768,undirected
,,,,,,,
NEWEST,,,,,,,
,,,,,,,
actor-collaboration.edges,,,,,,,
graph,382221,15038084,32,4.242,13,3.726,undirected
ff 50,191111,3463207,1,3.919,7,3.611,undirected
ff 30,114667,2278648,1,3.817,6,3.447,undirected
ff 15,57334,1087364,1,3.622,6,3.164,undirected
ff 05,19112,114066,1,3.468,5,3.014,undirected
re 50,191110,273935,26,10.946,40,8.472,undirected
re 30,114667,110768,25,14.565,48,11.032,undirected
re 15,57333,40909,41,24.13,55,16.362,undirected
re 05,19112,10805,16,1.86,9,0.978,undirected
rw 50,191110,337372,34,10.687,35,8.488,undirected
rw 30,114667,154099,32,14.313,41,11.035,undirected
rw 15,57333,62833,29,22.059,58,16.519,undirected
rw 05,19111,18189,38,49.784,109,34.635,undirected
,,,,,,,
arenas-jazz.edges,,,,,,,
graph,200,2743,2,2.819,6,2.224,undirected
ff 50,100,420,1,2.737,4,2.224,undirected
ff 30,61,77,1,3.544,4,2.572,undirected
ff 15,31,37,1,2.6,3,2.108,undirected
ff 05,11,10,1,1.866,2,1.653,undirected
re 50,100,78,8,3.592,6,2.034,undirected
re 30,61,38,5,1.869,3,1.016,undirected
re 15,30,18,3,2.28,4,1.109,undirected
re 05,10,6,2,1.8,3,0.929,undirected
rw 50,99,116,3,9.42,14,6.248,undirected
rw 30,60,61,3,11.393,20,6.548,undirected
rw 15,30,30,3,6.417,9,3.752,undirected
rw 05,10,6,2,1.8,3,0.929,
,,,,,,,
as-caida20071105.edges,,,,,,,
graph,26477,53382,2,4.647,17,3.875,undirected
ff 50,13239,22293,1,3.782,6,3.343,undirected
ff 30,7944,12153,1,3.715,6,3.226,undirected
ff 15,3973,4595,1,3.75,5,3.089,undirected
ff 05,1325,1440,1,2.773,4,2.435,undirected
re 50,13238,16349,11,5.959,18,4.778,undirected
re 30,7943,8214,15,6.766,17,5.226,undirected
re 15,3972,3470,15,7.617,16,5.768,undirected
re 05,1325,969,16,8.195,13,5.086,undirected
rw 50,13238,19802,5,5.724,15,4.57,undirected
rw 30,7943,10626,9,6.562,16,5.053,undirected
rw 15,3972,4837,10,8.487,22,5.946,undirected
rw 05,1325,1432,12,10.419,25,7.06,undirected
,,,,,,,
as-skitter.edges,,,,,,,
graph,1696417,11095299,11,5.963,25,5.091,undirected
ff 50,848209,4573535,1,4.824,8,4.308,undirected
ff 30,508926,2108800,1,4.633,8,4.079,undirected
ff 15,254464,448165,1,4.395,6,3.982,undirected
ff 05,84822,112401,1,4.74,6,4.056,undirected
re 50,848208,1344967,57,8.955,31,7.15,undirected
re 30,508925,571868,47,10.647,33,8.212,undirected
re 15,254463,218885,51,13.075,32,9.876,undirected
re 05,84821,57913,67,23.471,60,13.521,undirected
rw 50,848208,1500148,52,8.899,29,7.261,undirected
rw 30,508925,733411,57,10.859,39,8.555,undirected
rw 15,254463,310493,51,13.935,42,10.555,undirected
rw 05,84821,88830,44,20.961,58,15.243,undirected
,,,,,,,
ca-AstroPh.edges,,,,,,,
graph,18773,198051,12,5.025,14,4.204,undirected
ff 50,9387,54509,1,4.515,6,3.845,undirected
ff 30,5633,18556,1,4.453,6,3.863,undirected
ff 15,2817,5824,1,4.319,6,3.786,undirected
ff 05,939,1243,1,3.847,4,3.525,undirected
re 50,9386,12140,16,10.489,24,7.963,undirected
re 30,5632,4754,16,17.703,35,12.697,undirected
re 15,2816,1778,19,4.213,10,1.962,undirected
re 05,940,494,4,0.931,4,0.63,undirected
rw 50,9386,14570,11,10.799,31,8.148,undirected
rw 30,5632,6801,18,14.519,33,10.659,undirected
rw 15,2816,2896,17,21.846,46,15.737,undirected
rw 05,939,868,22,26.616,50,12.707,undirected
,,,,,,,
ca-cit-HepPh.edges,,,,,,,
graph,28095,3148448,5,2.973,8,2.759,undirected
ff 50,14048,79542,1,3.667,5,3.122,undirected
ff 30,8429,28770,1,3.604,4,3.046,undirected
ff 15,4215,9199,1,3.081,4,2.813,undirected
ff 05,1406,2591,1,2.876,4,2.565,undirected
re 50,14047,18787,10,10.325,26,8.106,undirected
re 30,8429,7064,19,20.431,43,15.121,undirected
re 15,4214,2682,15,5.881,16,2.442,undirected
re 05,1406,755,6,0.982,5,0.68,undirected
rw 50,14047,24059,6,8.774,21,7.194,undirected
rw 30,8428,10488,8,13.224,31,10.298,undirected
rw 15,4214,4366,13,21.855,44,16.116,undirected
rw 05,1405,1287,19,81.695,132,46.085,undirected
,,,,,,,
ca-cit-HepTh.edges,,,,,,,
graph,22910,2444799,6,3.124,9,2.719,undirected
ff 50,11455,111785,1,2.806,4,2.484,undirected
ff 30,6874,14836,1,2.794,4,2.37,undirected
ff 15,3438,4589,1,3.356,4,2.497,undirected
ff 05,1147,1628,1,2.589,3,2.239,undirected
re 50,11454,19277,10,7.73,21,6.2,undirected
re 30,6873,6552,12,12.764,25,9.925,undirected
re 15,3437,2340,24,6.945,16,3.382,undirected
re 05,1147,632,5,1.146,4,0.712,undirected
rw 50,11454,20023,7,8.534,21,6.716,undirected
rw 30,6873,8775,10,12.667,32,9.368,undirected
rw 15,3437,3664,15,16.865,40,12.455,undirected
rw 05,1146,1076,23,39.297,68,22.505,undirected
,,,,,,,
cfinder-google.edges,,,,,,,
graph,15765,171207,2,2.912,7,2.513,directed
ff 50,7883,52843,2,3.891,8,3.163,directed
ff 30,4730,14981,2,4.195,7,3.617,directed
ff 15,2366,5657,3,4.499,8,3.746,directed
ff 05,790,2049,2,4.583,7,3.81,directed
re 50,7882,10593,8,7.245,18,5.397,directed
re 30,4729,4533,5,8.709,21,6.37,directed
re 15,2365,1713,2,12.19,26,7.56,directed
re 05,790,487,1,3.473,8,1.969,directed
rw 50,7882,15256,14,5.299,14,4.161,directed
rw 30,4730,7729,11,5.95,14,4.52,directed
rw 15,2365,3595,8,7.019,24,5.017,directed
rw 05,789,1142,5,6.439,15,4.656,directed
,,,,,,,
chess.edges,,,,,,,
graph,7303,60047,7,4.892,13,4.002,directed
ff 50,3651,19108,2,4.558,8,3.817,directed
ff 30,2192,6977,2,4.577,8,3.848,directed
ff 15,1097,2006,2,4.644,6,3.973,directed
ff 05,367,515,2,3.95,5,3.538,directed
re 50,3651,4911,4,8.757,19,6.701,directed
re 30,2191,1923,5,11.681,21,8.694,directed
re 15,1096,700,2,8.456,15,3.737,directed
re 05,366,201,1,1.393,5,0.789,directed
rw 50,3651,6240,8,8.266,19,6.453,directed
rw 30,2191,2750,6,11.609,22,8.674,directed
rw 15,1096,1133,6,16.701,32,12.065,directed
rw 05,366,326,4,24.048,36,11.61,directed
,,,,,,,
com-amazon.edges,,,,,,,
graph,334865,925873,2,15.247,44,11.912,undirected
ff 50,167433,381399,1,12.543,22,10.235,undirected
ff 30,100459,206303,1,12.187,20,9.819,undirected
ff 15,50231,94718,1,10.991,18,9.11,undirected
ff 05,16744,28690,1,10.821,15,8.561,undirected
re 50,167433,133431,116,66.454,135,41.926,undirected
re 30,100460,65726,49,4.857,18,2.29,undirected
re 15,50231,28725,18,1.677,11,0.907,undirected
re 05,16745,8766,6,0.903,5,0.595,undirected
rw 50,167432,209915,76,31.736,77,23.129,undirected
rw 30,100459,109133,80,48.339,107,33.536,undirected
rw 15,50230,49602,92,73.531,139,48.109,undirected
rw 05,16744,15607,51,16.328,48,6.86,undirected
,,,,,,,
com-dblp.edges,,,,,,,
graph,317082,1049867,2,8.05,21,6.784,undirected
ff 50,158541,418594,1,6.907,11,6.075,undirected
ff 30,95125,216129,1,6.685,11,5.813,undirected
ff 15,47563,96594,1,6.414,9,5.557,undirected
ff 05,15855,30706,1,5.85,9,5.074,undirected
re 50,158540,160231,37,15.871,41,12.308,undirected
re 30,95124,72485,44,23.93,57,17.362,undirected
re 15,47563,29538,42,15.996,39,7.029,undirected
re 05,15855,8549,13,1.334,13,0.846,undirected
rw 50,158540,225109,31,13.714,40,10.809,undirected
rw 30,95124,113016,35,18.214,47,13.932,undirected
rw 15,47562,49345,45,29.974,67,22.062,undirected
rw 05,15854,14732,57,49.975,89,29.551,undirected
,,,,,,,
com-youtube.edges,,,,,,,
graph,1134892,2987625,2,6.505,21,5.277,undirected
ff 50,567446,1677751,1,4.848,8,4.363,undirected
ff 30,340467,890688,1,4.477,7,4.006,undirected
ff 15,170235,334027,1,3.961,7,3.722,undirected
ff 05,56746,85085,1,3.694,6,3.176,undirected
re 50,567445,900438,34,7.132,25,5.801,undirected
re 30,340467,415599,24,7.834,23,6.334,undirected
re 15,170234,160353,31,9.334,30,7.419,undirected
re 05,56745,40846,34,16.778,42,12.307,undirected
rw 50,567445,970942,39,7.428,27,5.938,undirected
rw 30,340467,495797,31,8.23,29,6.514,undirected
rw 15,170234,211614,31,9.773,29,7.555,undirected
rw 05,56745,60100,23,13.696,41,10.178,undirected
,,,,,,,
contiguous-usa.edges,,,,,,,
graph,51,108,2,6.68,11,4.072,undirected
ff 50,26,36,1,4.034,5,2.929,undirected
ff 30,16,23,1,3.36,4,2.297,undirected
ff 15,8,9,1,2.76,4,1.75,undirected
ff 05,4,3,1,1.733,2,1.125,undirected
re 50,25,14,3,1.317,3,0.754,undirected
re 30,15,9,3,1.65,3,0.878,undirected
re 15,8,4,1,0.8,1,0.5,undirected
re 05,4,2,1,0.8,1,0.5,undirected
rw 50,25,28,3,5.425,8,3.192,undirected
rw 30,15,17,3,3.07,5,1.858,undirected
rw 15,8,6,2,3,4,1.65,undirected
rw 05,4,2,1,0.8,1,0.5,undirected
,,,,,,,
dblp_coauthor.edges,,,,,,,
graph,1282468,5179987,29,7.011,21,5.998,undirected
ff 50,641234,2243399,1,5.948,10,5.372,undirected
ff 30,384741,1111493,1,5.779,9,5.127,undirected
ff 15,192371,440246,1,5.56,8,4.871,undirected
ff 05,64125,120717,1,5.51,7,4.848,undirected
re 50,641233,740823,31,12.268,36,9.706,undirected
re 30,384740,325361,44,16.653,42,12.738,undirected
re 15,192370,127750,60,28.276,60,20.062,undirected
re 05,64125,35638,22,1.672,8,0.882,undirected
rw 50,641234,979449,30,11.492,32,9.184,undirected
rw 30,384740,478996,36,14.996,42,11.708,undirected
rw 15,192371,204435,41,21.906,58,16.527,undirected
rw 05,64124,60557,57,44.984,107,31.148,undirected
,,,,,,,
digg-friends.edges,,,,,,,
graph,279632,1731654,13,5.161,16,4.379,directed
ff 50,139816,1001272,4,4.495,7,4.003,directed
ff 30,83890,593824,3,3.923,7,3.748,directed
ff 15,41946,185153,3,3.95,7,3.743,directed
ff 05,13983,55441,2,3.866,6,3.564,directed
re 50,139815,487430,9,5.686,16,4.691,directed
re 30,83889,204703,4,5.905,17,4.946,directed
re 15,41945,67587,4,6.728,16,5.556,directed
re 05,13982,13279,5,10.008,22,8.073,directed
rw 50,139815,238045,15,7.416,26,5.789,directed
rw 30,83889,92755,11,8.539,26,6.43,directed
rw 15,41945,37360,7,9.315,25,6.744,directed
rw 05,13983,10753,6,10.28,25,7.16,directed
,,,,,,,
dolphins.edges,,,,,,,
graph,64,160,2,4.929,8,3.3,undirected
ff 50,31,46,1,3.868,5,2.77,undirected
ff 30,20,23,1,3.333,4,2.36,undirected
ff 15,10,10,1,2.688,3,1.92,undirected
ff 05,5,4,1,1.792,2,1.28,undirected
re 50,31,22,4,3.37,5,1.692,undirected
re 30,20,13,4,1.957,3,1.091,undirected
re 15,11,6,2,0.958,2,0.64,undirected
re 05,4,2,1,0.8,1,0.5,undirected
rw 50,32,32,4,5.088,8,3.18,undirected
rw 30,19,19,2,5.946,9,3.447,undirected
rw 15,11,7,3,1.587,2,0.909,undirected
rw 05,4,2,1,0.8,1,0.5,undirected
,,,,,,,
douban.edges,,,,,,,
graph,154910,327163,2,5.757,9,5.172,undirected
ff 50,77455,170349,1,5.592,8,4.964,undirected
ff 30,46474,95013,1,5.533,8,4.88,undirected
ff 15,23238,42505,1,5.371,7,4.743,undirected
ff 05,7747,10667,1,5.615,6,4.867,undirected
re 50,77454,119936,18,7.308,16,6.312,undirected
re 30,46473,58766,16,9.303,20,7.727,undirected
re 15,23237,21717,23,14.552,29,11.475,undirected
re 05,7746,4846,19,4.701,15,1.966,undirected
rw 50,77454,129171,12,6.882,13,6.072,undirected
rw 30,46473,67406,14,8.383,17,7.103,undirected
rw 15,23237,27552,17,11.849,25,9.535,undirected
rw 05,7746,7344,23,26.089,56,19.005,undirected
,,,,,,,
ego-gplus.edges,,,,,,,
graph,23630,39243,4,4.707,8,4.027,directed
ff 50,11815,16588,3,4.579,7,3.88,directed
ff 30,7090,9404,2,3.959,6,3.494,directed
ff 15,3546,4334,2,3.719,5,3.144,directed
ff 05,1183,1266,1,3.688,5,3.083,directed
re 50,11814,15514,2,5.619,11,4.564,directed
re 30,7089,8359,3,6.218,12,5.03,directed
re 15,3545,3781,2,7.787,15,5.98,directed
re 05,1182,1111,1,11.378,16,7.517,directed
rw 50,11814,15451,3,5.849,9,4.88,directed
rw 30,7089,8433,3,7.274,11,5.694,directed
rw 15,3545,3833,3,8.57,13,6.677,directed
rw 05,1182,1100,2,13.357,20,6.255,directed
,,,,,,,
ego-twitter.edges,,,,,,,
graph,23372,33102,14,7.72,15,6.308,directed
ff 50,8570,11592,10,8.752,15,6.88,directed
ff 30,5746,7918,12,8.315,13,6.502,directed
ff 15,2925,4117,9,10.37,14,7.297,directed
ff 05,958,1336,3,5.334,8,4.197,directed
re 50,11685,13967,8,9.986,23,7.972,directed
re 30,7011,7375,5,13.676,26,10.176,directed
re 15,3506,3067,3,20.192,32,11.444,directed
re 05,1169,766,2,1.803,5,1.125,directed
rw 50,11685,14456,11,10.707,21,8.43,directed
rw 30,7011,7657,7,15.942,33,11.273,directed
rw 15,3506,3034,4,15.483,28,9.392,directed
rw 05,1170,730,2,1.996,5,1.129,directed
,,,,,,,
elec.edges,,,,,,,
graph,7120,103676,2,3.778,7,3.255,directed
ff 50,3361,48909,2,3.613,8,2.986,directed
ff 30,2137,22453,3,2.972,5,2.696,directed
ff 15,1068,2871,3,3.666,5,3.065,directed
ff 05,357,535,3,3.681,6,3.056,directed
re 50,3559,10521,3,4.998,11,4.291,directed
re 30,2136,2610,4,8.649,16,6.82,directed
re 15,1069,796,1,14.927,22,8.303,directed
re 05,357,203,1,1.444,4,0.797,directed
rw 50,3559,5754,3,6.658,15,5.395,directed
rw 30,2136,2641,3,8.265,15,6.559,directed
rw 15,1069,1015,4,13.549,29,9.68,directed
rw 05,357,271,2,8.709,18,4.145,directed
,,,,,,,
enron.edges,,,,,,,
graph,87275,321919,5,5.801,13,4.886,directed
ff 50,42202,182104,6,5.372,11,4.479,directed
ff 30,26181,124496,3,4.386,7,3.832,directed
ff 15,13063,39551,2,3.858,6,3.494,directed
ff 05,4351,8728,2,3.915,6,3.598,directed
re 50,43636,110600,6,6.899,17,5.407,directed
re 30,26182,50119,6,7.345,17,5.602,directed
re 15,13092,17092,5,7.793,24,6.092,directed
re 05,4364,3445,1,14.87,28,10.646,directed
rw 50,43637,123490,8,5.827,18,4.698,directed
rw 30,26182,47557,7,6.344,18,4.966,directed
rw 15,13091,18346,7,6.669,15,5.274,directed
rw 05,4365,4693,5,8.743,20,6.748,directed
,,,,,,,
facebook-wosn-links.edges,,,,,,,
graph,63733,817036,6,5.131,14,4.314,undirected
ff 50,31867,159642,1,4.613,8,4.015,undirected
ff 30,19121,50115,1,4.625,7,4.013,undirected
ff 15,9561,20586,1,4.045,6,3.745,undirected
ff 05,3188,4768,1,4.168,6,3.624,undirected
re 50,31867,46326,12,10.654,28,8.314,undirected
re 30,19120,17204,22,16.376,41,12.198,undirected
re 15,9561,6195,31,16.571,27,6.894,undirected
re 05,3188,1734,6,1.018,5,0.692,undirected
rw 50,31866,52037,9,10.155,22,8.21,undirected
rw 30,19121,23464,13,14.286,33,11.207,undirected
rw 15,9561,9814,20,23.437,52,17.183,undirected
rw 05,3187,2953,30,50.05,92,31.812,undirected
,,,,,,,
flickrEdges.edges,,,,,,,
graph,105940,2316949,9,4.814,9,4.329,undirected
ff 50,52970,1598796,1,5.663,9,4.746,undirected
ff 30,31783,827448,1,5.958,8,4.834,undirected
ff 15,15892,794926,1,4.784,7,3.811,undirected
ff 05,5298,214044,1,2.878,5,2.572,undirected
re 50,52969,161593,41,15.52,46,10.509,undirected
re 30,31782,58104,35,10.404,29,7.341,undirected
re 15,15891,15640,17,21.474,38,14.53,undirected
re 05,5298,3270,22,8.576,18,3.49,undirected
rw 50,52969,76137,8,13.761,30,9.596,undirected
rw 30,31782,37667,11,17.506,41,12.394,undirected
rw 15,15891,16423,22,38.704,99,21.46,undirected
rw 05,5297,4960,33,45.303,96,27.898,undirected
,,,,,,,
flickr-growth.edges,,,,,,,
graph,2302927,33140018,83,6.683,20,5.318,directed
ff 50,1151463,19365433,17,4.932,8,4.422,directed
ff 30,690879,10020770,5,4.329,7,3.905,directed
ff 15,345440,2937592,4,3.868,7,3.595,directed
ff 05,115148,454422,4,3.78,7,3.385,directed
re 50,1151464,5645024,28,6.966,22,5.55,directed
re 30,690878,2151758,15,6.966,28,5.621,directed
re 15,345439,651779,9,7.519,25,6.081,directed
re 05,115147,117951,3,10.842,26,8.748,directed
rw 50,1151464,2570607,64,9.012,30,7.041,directed
rw 30,690878,1223725,45,9.773,33,7.503,directed
rw 15,345440,499085,34,10.96,39,8.36,directed
rw 05,115148,135712,23,14.78,44,10.963,directed
,,,,,,,
flickr-links.edges,,,,,,,
graph,1715256,15551251,62,6.6,20,5.272,undirected
ff 50,857627,12569910,1,4.765,8,4.207,undirected
ff 30,514577,6603484,1,3.956,7,3.717,undirected
ff 15,257290,2027499,1,3.765,6,3.369,undirected
ff 05,85764,261684,1,3.487,6,3.089,undirected
re 50,857627,4104760,42,6.797,20,5.367,undirected
re 30,514577,1610529,33,6.766,24,5.406,undirected
re 15,257289,496769,18,7.077,26,5.83,undirected
re 05,85763,89671,16,10.267,23,8.286,undirected
rw 50,857627,1838940,60,8.369,25,6.52,undirected
rw 30,514577,867284,48,8.992,29,6.958,undirected
rw 15,257289,347396,33,10.352,33,7.839,undirected
rw 05,85763,91690,26,13.866,37,10.495,undirected
,,,,,,,
flixster.edges,,,,,,,
graph,2523388,7918802,2,5.506,8,4.866,undirected
ff 50,1261694,3496782,1,5.205,8,4.762,undirected
ff 30,757017,1720014,1,5.33,8,4.786,undirected
ff 15,378509,690716,1,5.448,8,4.84,undirected
ff 05,126171,174838,1,5.544,6,4.761,undirected
re 50,1261693,2603689,21,6.333,17,5.576,undirected
re 30,757017,1214661,26,7.202,21,6.306,undirected
re 15,378508,455462,23,9.418,21,8.038,undirected
re 05,126170,105265,50,24.187,46,18.789,undirected
rw 50,1261693,2669745,27,6.336,15,5.57,undirected
rw 30,757016,1359126,26,7.06,20,6.185,undirected
rw 15,378508,566773,22,8.668,25,7.358,undirected
rw 05,126170,149289,20,13.504,32,11.002,undirected
,,,,,,,
foldoc.edges,,,,,,,
graph,13358,120239,5,4.383,8,3.869,directed
ff 50,6679,16998,5,5.971,10,5.12,directed
ff 30,4008,8386,6,5.932,8,5.086,directed
ff 15,2005,3576,4,5.745,8,4.864,directed
ff 05,669,955,2,4.818,6,4.192,directed
re 50,6678,5020,4,29.551,49,19.117,directed
re 30,4007,2488,2,2.99,10,1.485,directed
re 15,2004,1122,2,1.594,6,0.854,directed
re 05,668,346,1,0.871,3,0.565,directed
rw 50,6678,10127,9,10.639,24,8.124,directed
rw 30,4007,4929,10,14.774,35,10.561,directed
rw 15,2004,2184,9,20.582,50,13.826,directed
rw 05,668,669,8,25.446,48,12.58,directed
,,,,,,,
hyves.edges,,,,,,,
graph,1402675,2777420,2,6.539,10,5.688,undirected
ff 50,701338,1256241,1,5.885,10,5.246,undirected
ff 30,420803,728818,1,5.607,9,4.843,undirected
ff 15,210402,347149,1,4.8,7,4.26,undirected
ff 05,70135,145116,1,4.373,6,3.947,undirected
re 50,701337,912519,27,9.686,25,7.739,undirected
re 30,420802,430401,47,13.123,40,9.763,undirected
re 15,210401,168253,68,13.763,42,9.981,undirected
re 05,70134,44783,36,23.7,46,15.47,undirected
rw 50,701337,1013684,16,8.366,19,6.957,undirected
rw 30,420802,527166,20,10.426,27,8.253,undirected
rw 15,210401,230080,35,14.095,43,10.503,undirected
rw 05,70134,67847,48,21.46,72,14.603,undirected
,,,,,,,
libimseti.edges,,,,,,,
graph,220972,17359347,5,3.2,6,2.895,directed
ff 50,110486,1462093,2,3.681,6,3.193,directed
ff 30,66292,260595,2,3.806,6,3.38,directed
ff 15,33147,61262,2,3.75,5,3.152,directed
ff 05,11050,19159,2,4.378,6,3.909,directed
re 50,110485,205096,3,7.219,15,6.177,directed
re 30,66291,73230,2,10.99,28,9.054,directed
re 15,33146,25967,2,29.999,68,21.74,directed
re 05,11049,6715,1,2.211,8,1.25,directed
rw 50,110485,265658,3,5.801,13,4.991,directed
rw 30,66291,110654,3,6.818,18,5.719,directed
rw 15,33146,41316,3,8.495,22,6.814,directed
rw 05,11049,10376,3,13.21,29,9.901,directed
,,,,,,,
linux.edges,,,,,,,
graph,30839,213955,9,3.956,12,3.254,directed
ff 50,14472,58765,9,4.768,12,3.796,directed
ff 30,8688,30703,8,5.059,14,4.018,directed
ff 15,4401,13549,7,5.097,15,4.082,directed
ff 05,1517,4539,7,4.764,10,3.812,directed
re 50,15419,20302,2,6.871,23,5.282,directed
re 30,9252,9129,1,7.572,20,5.81,directed
re 15,4626,3785,1,10.199,22,7.339,directed
re 05,1542,1080,1,7.285,13,4.055,directed
rw 50,15419,21498,4,5.843,17,4.648,directed
rw 30,9252,11982,5,5.959,17,4.745,directed
rw 15,4626,5798,3,5.952,16,4.709,directed
rw 05,1542,1787,3,6.52,17,5.012,directed
,,,,,,,
livemocha.edges,,,,,,,
graph,104105,2193084,2,3.652,6,3.214,undirected
ff 50,52053,155532,1,3.894,6,3.724,undirected
ff 30,31232,51815,1,3.974,6,3.899,undirected
ff 15,15617,18268,1,3.949,5,3.811,undirected
ff 05,5207,5413,1,3.879,4,3.697,undirected
re 50,52052,99896,7,6.716,15,5.751,undirected
re 30,31231,36327,10,9.769,21,8.087,undirected
re 15,15616,12575,28,22.279,42,16.894,undirected
re 05,5206,3129,13,2.196,8,1.159,undirected
rw 50,52052,119859,5,6.067,13,5.356,undirected
rw 30,31231,51420,6,7.909,21,6.692,undirected
rw 15,15616,19682,8,11.486,30,9.239,undirected
rw 05,5206,5246,17,24.006,49,17.452,undirected
,,,,,,,
loc-brightkite_edges.edges,,,,,,,
graph,58230,214079,12,5.885,17,4.914,undirected
ff 50,29115,100394,1,4.726,7,4.151,undirected
ff 30,17470,49025,1,4.452,6,3.906,undirected
ff 15,8736,18530,1,3.963,6,3.636,undirected
ff 05,2913,4389,1,3.757,4,3.253,undirected
re 50,29114,44422,13,7.968,21,6.4,undirected
re 30,17470,18346,17,10.253,29,7.903,undirected
re 15,8735,6592,20,14.087,27,10.049,undirected
re 05,2913,1715,14,2.901,9,1.401,undirected
rw 50,29114,50401,12,7.889,21,6.341,undirected
rw 30,17469,23884,15,9.752,23,7.52,undirected
rw 15,8736,9842,12,13.51,34,9.994,undirected
rw 05,2912,2796,21,22.271,47,15.257,undirected
,,,,,,,
loc-gowalla_edges.edges,,,,,,,
graph,196593,950328,2,5.676,15,4.619,undirected
ff 50,98297,406713,1,4.422,6,3.838,undirected
ff 30,58979,178864,1,3.885,6,3.48,undirected
ff 15,29490,47696,1,3.738,4,3.18,undirected
ff 05,9831,16260,1,3.856,4,3.63,undirected
re 50,98296,149210,19,8.807,31,6.64,undirected
re 30,58979,61161,21,10.612,31,7.684,undirected
re 15,29490,22503,22,12.732,36,9.229,undirected
re 05,9830,5958,28,10.045,19,4.986,undirected
rw 50,98296,172962,20,8.567,26,6.548,undirected
rw 30,58978,81093,21,10.835,37,7.896,undirected
rw 15,29489,33437,21,14.366,46,9.866,undirected
rw 05,9830,9577,25,20.974,53,13.613,undirected
,,,,,,,
moreno_bison.edges,,,,,,,
graph,28,315,2,1.67,2,1.262,directed
ff 50,13,12,1,1.872,2,1.704,directed
ff 30,9,8,1,1.855,2,1.58,directed
ff 15,5,4,1,1.792,2,1.28,directed
ff 05,3,2,1,1.55,2,0.889,directed
re 50,13,11,1,3.758,6,2.135,directed
re 30,8,5,1,1.45,2,0.818,directed
re 15,4,2,1,0.8,1,0.5,directed
re 05,2,1,1,0.8,1,0.5,directed
rw 50,13,15,2,3.414,5,2.296,directed
rw 30,8,6,1,2.65,4,1.412,directed
rw 15,4,3,1,2.2,3,1.25,directed
rw 05,2,1,1,0.8,1,0.5,directed
,,,,,,,
munmun_twitterex_ut.edges,,,,,,,
graph,705634,3781323,27,5.871,15,5.231,directed
ff 50,352817,1430743,7,5.514,9,4.702,directed
ff 30,211691,945961,9,4.997,8,4.39,directed
ff 15,105846,211824,2,5.405,7,4.491,directed
ff 05,35283,55057,2,4.995,6,4.044,directed
re 50,352816,647565,9,7.248,18,5.918,directed
re 30,211690,267757,5,8.336,22,6.752,directed
re 15,105845,94821,6,10.677,26,8.287,directed
re 05,35282,23711,4,21.35,44,13.37,directed
rw 50,352816,817395,36,7.091,18,5.844,directed
rw 30,211690,386285,27,7.856,21,6.489,directed
rw 15,105845,156784,17,9.772,27,7.678,directed
rw 05,35282,43506,13,13.757,42,10.145,directed
,,,,,,,
p2p-Gnutella31.edges,,,,,,,
graph,62588,147893,2,6.714,11,5.92,directed
ff 50,31293,50017,2,7.935,13,6.987,directed
ff 30,18776,26039,2,8.561,13,7.331,directed
ff 15,9389,11502,2,8.903,13,7.588,directed
ff 05,3131,3408,2,9.665,14,7.946,directed
re 50,31293,34461,2,14.698,31,12.002,directed
re 30,18776,14151,2,37.479,66,20.653,directed
re 15,9388,5640,1,1.963,7,1.054,directed
re 05,3131,1657,1,0.927,5,0.621,directed
rw 50,31293,34564,4,12.995,30,10.496,directed
rw 30,18776,15525,2,23.941,50,17.636,directed
rw 15,9388,6538,1,12.241,23,5.83,directed
rw 05,3130,1970,1,3.075,15,1.542,directed
,,,,,,,
petster-carnivore.edges,,,,,,,
graph,623768,15699277,30,5.278,13,4.128,undirected
ff 50,311884,5766660,1,4.919,7,3.961,undirected
ff 30,187131,5357070,1,4.693,7,3.414,undirected
ff 15,93566,934235,1,2.333,4,2.151,undirected
ff 05,31190,31460,1,1.901,3,2.001,undirected
re 50,311883,688366,19,8.718,23,6.554,undirected
re 30,187130,273980,18,10.281,23,7.694,undirected
re 15,93565,98601,21,9.693,24,7.468,undirected
re 05,31189,23288,50,19.695,41,13.728,undirected
rw 50,311883,707334,27,9.483,24,6.642,undirected
rw 30,187130,325506,20,9.421,24,7.05,undirected
rw 15,93565,132028,17,8.908,32,6.997,undirected
rw 05,31189,35916,17,13.495,36,9.93,undirected
,,,,,,,
petster-friendships-cat.edges,,,,,,,
graph,149702,5449276,11,2.982,10,2.69,undirected
ff 50,74851,127801,1,3.146,4,2.332,undirected
ff 30,44911,53876,1,2.725,4,2.348,undirected
ff 15,22456,24003,1,2.404,4,2.183,undirected
ff 05,7486,8244,1,3.404,4,2.393,undirected
re 50,74850,167670,8,4.885,15,4.295,undirected
re 30,44910,69485,11,5.857,16,4.966,undirected
re 15,22455,25124,12,8.017,18,6.493,undirected
re 05,7485,5899,32,24.286,44,15.643,undirected
rw 50,74850,192475,11,4.801,14,4.153,undirected
rw 30,44910,88477,7,5.517,18,4.612,undirected
rw 15,22455,35373,7,6.735,18,5.408,undirected
rw 05,7485,9419,9,9.579,25,7.001,undirected
,,,,,,,
petster-friendships-dog.edges,,,,,,,
graph,426822,8546582,9,3.817,11,3.354,undirected
ff 50,213411,1096230,1,3.625,6,3.165,undirected
ff 30,128047,461454,1,3.513,6,2.99,undirected
ff 15,64024,124695,1,3.765,5,3.183,undirected
ff 05,21342,24142,1,2.669,4,2.263,undirected
re 50,213410,432579,10,5.959,16,5.103,undirected
re 30,128046,174940,12,7.305,21,6.026,undirected
re 15,64023,63653,22,9.452,24,7.642,undirected
re 05,21342,15477,49,41.573,76,25.144,undirected
rw 50,213410,510959,9,5.79,16,4.916,undirected
rw 30,128046,232706,9,6.843,23,5.661,undirected
rw 15,64023,92566,12,8.676,24,6.907,undirected
rw 05,21341,25066,13,12.915,37,9.866,undirected
,,,,,,,
prosper-loans.edges,,,,,,,
graph,89271,3330226,4,3.71,7,3.239,directed
ff 50,44144,595058,4,3.821,8,3.374,directed
ff 30,26782,81053,3,4.172,7,3.864,directed
ff 15,13392,21300,3,4.706,9,4.111,directed
ff 05,4461,4966,2,5.295,9,4.282,directed
re 50,44635,65155,1,9.361,20,7.685,directed
re 30,26781,24138,1,16.501,37,12.688,directed
re 15,13391,8945,1,9.2,25,4.146,directed
re 05,4465,2472,1,1.305,6,0.759,directed
rw 50,44635,40109,3,19.515,44,15.26,directed
rw 30,26781,19321,3,18.764,34,9.754,directed
rw 15,13392,8378,3,2.813,10,1.434,directed
rw 05,4464,2540,1,1.535,6,0.832,directed
,,,,,,,
radoslaw_email.edges,,,,,,,
graph,169,5785,2,2.5,5,1.955,directed
ff 50,85,84,1,1.896,2,1.953,directed
ff 30,52,51,1,1.894,2,1.924,directed
ff 15,27,26,1,1.888,2,1.855,directed
ff 05,10,9,1,1.861,2,1.62,directed
re 50,84,63,1,5.791,11,3.049,directed
re 30,51,33,1,2.677,5,1.372,directed
re 15,26,14,1,0.936,2,0.621,directed
re 05,9,5,1,0.99,2,0.667,directed
rw 50,84,143,2,4.903,9,3.716,directed
rw 30,51,58,3,6.998,10,4.779,directed
rw 15,26,29,3,5.633,9,3.614,directed
rw 05,9,7,1,3.375,5,1.733,directed
,,,,,,,
slashdot-threads.edges,,,,,,,
graph,51085,131176,6,5.225,15,4.53,directed
ff 50,23122,70253,5,5.035,12,4.409,directed
ff 30,15297,60738,5,4.734,11,4.079,directed
ff 15,7664,17476,3,4.675,8,4.074,directed
ff 05,2555,3646,3,4.702,9,4.089,directed
re 50,25542,39168,4,6.362,16,5.342,directed
re 30,15325,17509,5,7.825,18,6.391,directed
re 15,7663,6597,4,11.774,24,9.001,directed
re 05,2556,1584,2,3.374,10,1.714,directed
rw 50,25542,46733,7,5.951,17,5.063,directed
rw 30,15325,24236,5,6.765,19,5.566,directed
rw 15,7663,9946,5,8.548,20,6.738,directed
rw 05,2555,2648,6,14.604,30,10.463,directed
,,,,,,,
slashdot-zoo.edges,,,,,,,
graph,79118,515398,8,4.709,11,4.044,directed
ff 50,39559,201595,3,4.409,7,3.939,directed
ff 30,23735,81772,3,4.213,7,3.901,directed
ff 15,11869,29377,2,3.969,7,3.851,directed
ff 05,3957,6030,2,3.975,6,3.783,directed
re 50,39558,93071,6,5.816,13,4.96,directed
re 30,23735,35057,4,7.138,16,6.005,directed
re 15,11868,11244,3,11.145,23,8.799,directed
re 05,3957,2532,1,6.312,16,2.707,directed
rw 50,39558,67530,10,6.617,18,5.43,directed
rw 30,23735,31645,9,7.651,19,6.101,directed
rw 15,11868,13419,6,9.192,22,7.074,directed
rw 05,3956,3730,5,13.259,29,9.529,directed
,,,,,,,
soc-Epinions1.edges,,,,,,,
graph,75881,508838,11,4.994,14,4.313,directed
ff 50,37940,315048,7,4.774,9,4.035,directed
ff 30,22765,183073,3,3.999,7,3.724,directed
ff 15,11383,82445,2,3.861,6,3.49,directed
ff 05,3795,18714,2,3.714,5,3.208,directed
re 50,37941,111534,8,5.766,14,4.767,directed
re 30,22764,43045,5,6.489,20,5.297,directed
re 15,11382,13332,4,8.267,19,6.637,directed
re 05,3794,2667,3,21.889,36,14.529,directed
rw 50,37941,111888,13,6.048,16,4.993,directed
rw 30,22764,55408,9,6.665,17,5.261,directed
rw 15,11382,21327,8,7.362,22,5.683,directed
rw 05,3794,5026,7,9.869,26,7.141,directed
,,,,,,,
soc-pokec-relationships.edges,,,,,,,
graph,1632805,30622565,10,5.266,12,4.681,directed
ff 50,816402,4947092,4,5.764,10,5.122,directed
ff 30,489842,1635623,5,5.999,10,5.481,directed
ff 15,244922,552658,4,6.625,10,5.774,directed
ff 05,81642,150770,5,6.443,9,5.477,directed
re 50,816402,1116447,7,12.816,31,10.716,directed
re 30,489841,411987,10,26.725,59,21.14,directed
re 15,244922,155779,3,5.982,21,2.631,directed
re 05,81642,44013,2,1.016,5,0.692,directed
rw 50,816402,1531103,12,10.851,27,9.214,directed
rw 30,489841,648574,14,15.447,40,12.73,directed
rw 15,244921,260083,11,26.849,70,21.273,directed
rw 05,81642,76076,12,102.897,208,71.296,directed
,,,,,,,
topology.edges,,,,,,,
graph,34763,107721,2,4.426,9,3.771,undirected
ff 50,17382,44593,1,3.797,6,3.371,undirected
ff 30,10430,22356,1,3.539,5,3.047,undirected
ff 15,5216,12547,1,3.562,5,2.949,undirected
ff 05,1740,2607,1,3.525,5,2.704,undirected
re 50,17381,29548,11,5.749,17,4.622,undirected
re 30,10429,14308,15,6.218,17,4.947,undirected
re 15,5215,5682,12,6.427,14,5.218,undirected
re 05,1739,1362,15,10.728,18,7.87,undirected
rw 50,17382,31743,6,5.572,15,4.486,undirected
rw 30,10429,16568,10,6.274,16,4.954,undirected
rw 15,5215,7133,11,7.595,20,5.758,undirected
rw 05,1739,1947,11,10.117,26,7.307,undirected
,,,,,,,
trec-wt10g.edges,,,,,,,
graph,1601789,8063027,485,10.608,96,8.449,directed
ff 50,799543,3879373,409,10.842,26,8.435,directed
ff 30,480537,2417520,252,9.936,30,7.924,directed
ff 15,240264,1113128,167,9.656,21,7.396,directed
ff 05,80090,353454,77,9.149,24,6.374,directed
re 50,800893,1043785,123,20.127,53,14.681,directed
re 30,480536,460515,60,27.789,64,17.474,directed
re 15,240269,183855,20,7.76,38,5.17,directed
re 05,80090,50984,3,7.724,23,4.962,directed
rw 50,800894,1320781,323,19.818,52,15.011,directed
rw 30,480537,686879,216,23.641,62,17.382,directed
rw 15,240269,307250,117,30.522,77,20.586,directed
rw 05,80090,92380,61,27.002,54,17.688,directed
,,,,,,,
web-NotreDame.edges,,,,,,,
graph,325731,1497135,114,9.408,46,7.194,directed
ff 50,162846,754642,122,9.211,21,7.119,directed
ff 30,97719,188130,43,7.821,15,6.311,directed
ff 15,48861,80794,21,6.869,12,5.506,directed
ff 05,16288,30090,13,6.039,11,4.919,directed
re 50,162865,349894,100,13.955,32,9.803,directed
re 30,97720,137702,79,19.706,39,13.421,directed
re 15,48860,47727,33,10.329,33,7.419,directed
re 05,16288,11227,7,19.648,36,12.943,directed
rw 50,162865,426940,150,12.609,52,9.263,directed
rw 30,97719,161720,115,13.095,33,9.242,directed
rw 15,48860,63953,77,15.552,31,10.091,directed
rw 05,16287,18201,49,11.362,29,7.312,directed
,,,,,,,
wikiconflict.edges,,,,,,,
graph,116838,2027872,6,3.82,9,3.331,undirected
ff 50,58419,385519,1,3.268,5,2.961,undirected
ff 30,35052,94814,1,3.212,4,2.833,undirected
ff 15,17527,31361,1,2.9,4,2.694,undirected
ff 05,5843,7320,1,3.198,4,2.815,undirected
re 50,58418,224946,7,4.948,13,4.339,undirected
re 30,35051,62834,8,6.724,18,5.608,undirected
re 15,17526,17061,15,11.574,25,9.002,undirected
re 05,5842,3830,29,3.975,9,2.197,undirected
rw 50,58418,162648,7,5.511,14,4.687,undirected
rw 30,35051,65721,8,6.717,18,5.605,undirected
rw 15,17526,23838,9,8.989,23,7.253,undirected
rw 05,5842,6087,12,17.791,49,13.016,undirected
,,,,,,,
wikipedia_link_de.edges,,,,,,,
graph,3225567,81626918,15,4.489,10,3.807,directed
ff 50,1612784,22276350,3,4.659,8,4.072,directed
ff 30,967671,6073388,2,4.653,8,4.168,directed
ff 15,483836,1884338,2,4.636,7,4.174,directed
ff 05,161280,409584,2,4.565,7,4.107,directed
re 50,1612783,4259449,62,6.749,20,5.721,directed
re 30,967670,1281296,66,9.689,34,7.821,directed
re 15,483835,418341,41,15.089,42,11.311,directed
re 05,161279,103457,5,29.492,61,18.786,directed
rw 50,1612783,4660762,49,6.106,21,5.178,directed
rw 30,967670,2106952,37,6.955,35,5.675,directed
rw 15,483835,819842,26,8.148,36,6.381,directed
rw 05,161279,210755,17,10.611,45,7.887,directed
,,,,,,,
wikipedia_link_fr.edges,,,,,,,
graph,3023167,102382411,17,4.272,10,3.67,directed
ff 50,1511583,30326139,2,4.566,8,3.997,directed
ff 30,906951,9064454,2,4.525,8,4.081,directed
ff 15,453476,3226126,3,4.258,7,3.995,directed
ff 05,151160,1341954,2,4.275,7,3.965,directed
re 50,1511583,4695376,64,6.401,19,5.445,directed
re 30,906950,1320554,71,9.273,32,7.468,directed
re 15,453475,409716,33,14.467,56,10.802,directed
re 05,151159,99750,4,25.775,48,18.517,directed
rw 50,1511583,4845469,38,5.938,18,5.059,directed
rw 30,906950,2150427,33,6.832,24,5.547,directed
rw 15,453475,815657,27,8.103,36,6.283,directed
rw 05,151160,205698,18,10.372,43,7.598,directed
,,,,,,,
wikipedia_link_it.edges,,,,,,,
graph,1865967,91555009,13,3.916,8,3.418,directed
ff 50,932984,12540446,3,4.367,8,3.971,directed
ff 30,559791,3738418,3,4.357,7,4.035,directed
ff 15,279896,1049985,3,4.069,7,3.979,directed
ff 05,93300,244975,2,3.96,6,3.875,directed
re 50,932983,2424581,96,7.2,21,6.026,directed
re 30,559790,753299,91,10.85,36,8.473,directed
re 15,279895,240623,51,17.027,60,12.399,directed
re 05,93300,58320,3,22.608,44,10.157,directed
rw 50,932983,2602653,31,6.306,18,5.22,directed
rw 30,559790,1175917,23,7.513,28,5.837,directed
rw 15,279895,467328,25,9.043,47,6.636,directed
rw 05,93299,122263,17,11.333,61,7.928,directed
,,,,,,,
wikipedia_link_ja.edges,,,,,,,
graph,1610640,71055718,12,3.92,9,3.444,directed
ff 50,805320,11042549,2,4.134,7,3.895,directed
ff 30,483192,3295025,2,3.993,7,3.904,directed
ff 15,241597,1048492,2,3.938,6,3.792,directed
ff 05,80532,238048,2,3.867,6,3.644,directed
re 50,805319,2133793,30,6.674,19,5.627,directed
re 30,483192,630354,34,9.817,29,7.874,directed
re 15,241596,202920,10,15.874,51,11.78,directed
re 05,80532,50528,2,31.9,50,17.62,directed
rw 50,805319,2573782,16,5.859,17,4.961,directed
rw 30,483192,1102826,18,6.788,28,5.527,directed
rw 15,241596,407273,15,8.292,36,6.43,directed
rw 05,80532,103354,14,11.136,50,8.212,directed
,,,,,,,
wikipedia_link_pl.edges,,,,,,,
graph,1529137,57489448,25,3.85,9,3.274,directed
ff 50,764569,12405698,3,4.434,8,3.871,directed
ff 30,458742,3367187,2,4.138,7,3.92,directed
ff 15,229372,963846,3,3.904,7,3.719,directed
ff 05,76458,194307,2,3.883,6,3.652,directed
re 50,764568,1666461,129,7.32,21,6.071,directed
re 30,458741,545623,109,11.059,35,8.586,directed
re 15,229371,183625,19,17.81,52,12.535,directed
re 05,76457,47253,2,20.143,54,9.667,directed
rw 50,764568,2201814,42,6.231,20,5.125,directed
rw 30,458741,1004650,43,7.482,32,5.773,directed
rw 15,229371,397463,33,8.745,45,6.487,directed
rw 05,76457,103492,21,10.668,48,7.602,directed
,,,,,,,
wikipedia_link_pt.edges,,,,,,,
graph,1603224,49021410,31,4.139,9,3.608,directed
ff 50,801611,19395223,4,4.515,9,3.871,directed
ff 30,480968,5457982,2,4.459,7,4.014,directed
ff 15,240485,1405958,2,4.102,7,3.932,directed
ff 05,80163,261596,2,3.972,6,3.827,directed
re 50,801611,2576055,107,6.397,19,5.426,directed
re 30,480967,758585,93,9.057,33,7.345,directed
re 15,240484,225752,33,14.972,46,11.139,directed
re 05,80163,52584,4,33.071,64,20.397,directed
rw 50,801611,2430002,58,5.999,19,5.109,directed
rw 30,480968,1112471,52,7.015,30,5.658,directed
rw 15,240484,429073,29,8.365,42,6.38,directed
rw 05,80162,108818,20,10.526,45,7.637,directed
,,,,,,,
wikipedia_link_ru.edges,,,,,,,
graph,2853120,82056102,15,4.479,8,3.829,directed
ff 50,1426559,30569728,4,4.575,8,3.956,directed
ff 30,855937,9985715,2,4.577,7,4.079,directed
ff 15,427969,2839802,2,4.415,7,4.048,directed
ff 05,142657,619372,2,4.279,7,3.952,directed
re 50,1426559,6666203,45,5.784,16,4.949,directed
re 30,855936,1449884,100,8.565,29,6.96,directed
re 15,427968,404561,57,14.057,49,10.503,directed
re 05,142656,93707,6,31.492,67,19.14,directed
rw 50,1426559,4365119,28,6.027,21,5.144,directed
rw 30,855936,1953615,36,7.106,30,5.706,directed
rw 15,427969,750782,24,8.458,45,6.429,directed
rw 05,142657,192244,17,10.382,56,7.6,directed
,,,,,,,
wikisigned-k2.edges,,,,,,,
graph,138594,740398,5,4.28,13,3.819,directed
ff 50,69291,206661,2,3.925,6,3.769,directed
ff 30,41575,98422,2,3.88,7,3.67,directed
ff 15,20786,39145,2,3.847,6,3.536,directed
ff 05,6925,9397,2,3.726,5,3.24,directed
re 50,69296,181374,6,5,12,4.458,directed
re 30,41578,69610,4,6.18,17,5.234,directed
re 15,20789,22506,5,8.342,22,6.732,directed
re 05,6930,4976,1,17.453,35,11.473,directed
rw 50,69296,154649,5,5.29,16,4.403,directed
rw 30,41578,63322,4,5.819,15,4.688,directed
rw 15,20789,24870,4,6.489,19,5.038,directed
rw 05,6930,6865,3,8.092,20,5.938,directed
,,,,,,,
wiki_talk_de.edges,,,,,,,
graph,519405,1751344,9,3.752,12,3.298,directed
ff 50,259703,740726,3,3.814,6,3.507,directed
ff 30,155822,346821,3,3.758,6,3.387,directed
ff 15,77912,142278,2,3.712,5,3.308,directed
ff 05,25972,38817,2,3.582,5,3.103,directed
re 50,259702,533644,6,3.97,9,3.788,directed
re 30,155821,269621,3,4.51,9,4.01,directed
re 15,77911,114068,4,4.908,11,4.375,directed
re 05,25971,29946,3,6.694,14,5.608,directed
rw 50,259702,802997,9,3.916,12,3.694,directed
rw 30,155821,336434,9,4.508,13,4.037,directed
rw 15,77911,134033,7,4.965,15,4.488,directed
rw 05,25971,36094,6,6.625,21,5.555,directed
,,,,,,,
wiki_talk_en.edges,,,,,,,
graph,2987537,9379562,10,3.864,9,3.633,directed
ff 50,1493769,3288615,3,3.85,6,3.637,directed
ff 30,896262,1794685,3,3.842,6,3.607,directed
ff 15,448132,748595,2,3.841,6,3.586,directed
ff 05,149378,242067,2,3.815,5,3.508,directed
re 50,1493768,3102087,6,4.162,11,3.975,directed
re 30,896261,1559299,5,4.683,11,4.221,directed
re 15,448131,656682,4,4.98,12,4.612,directed
re 05,149377,177760,3,6.47,16,5.601,directed
rw 50,1493768,3618295,10,4.288,11,3.993,directed
rw 30,896261,1641153,12,4.818,13,4.339,directed
rw 15,448131,671152,12,5.514,18,4.85,directed
rw 05,149377,189814,9,6.94,17,5.96,directed
,,,,,,,
wiki_talk_es.edges,,,,,,,
graph,497448,1250098,8,3.741,8,3.215,directed
ff 50,248724,583610,4,3.832,6,3.517,directed
ff 30,149235,270462,2,3.794,6,3.457,directed
ff 15,74609,120349,3,3.732,5,3.332,directed
ff 05,24874,36686,2,3.558,4,3.144,directed
re 50,248723,398896,5,3.951,10,3.673,directed
re 30,149234,210415,3,4.378,11,3.886,directed
re 15,74617,93542,3,4.855,12,4.219,directed
re 05,24873,27288,3,6.333,13,5.197,directed
rw 50,248723,606609,8,3.858,11,3.564,directed
rw 30,149234,304088,9,3.96,17,3.756,directed
rw 15,74617,116566,10,4.722,16,4.159,directed
rw 05,24873,32295,7,5.918,15,5.039,directed
,,,,,,,
wordnet-words.edges,,,,,,,
graph,146007,657000,10,6.588,15,5.525,undirected
ff 50,73004,241261,1,5.607,9,4.846,undirected
ff 30,43803,116938,1,5.158,8,4.56,undirected
ff 15,21902,43777,1,4.923,7,4.362,undirected
ff 05,7302,10235,1,4.897,6,4.355,undirected
re 50,73004,77965,27,13.265,38,9.827,undirected
re 30,43803,35488,37,17.504,43,12.269,undirected
re 15,21902,14442,34,21.095,39,14.084,undirected
re 05,7302,4094,13,1.645,6,0.885,undirected
rw 50,73003,111193,21,11.261,27,8.791,undirected
rw 30,43802,55096,22,14.634,39,11.043,undirected
rw 15,21901,23803,30,21.293,58,15.095,undirected
rw 05,7301,7171,43,36.5,73,24.4,undirected
,,,,,,,
youtube-links.edges,,,,,,,
graph,1138496,4942298,16,6.54,20,5.284,directed
ff 50,569247,2023579,5,4.884,8,4.422,directed
ff 30,341550,964457,3,4.592,7,4.08,directed
ff 15,170776,356812,3,3.961,7,3.74,directed
ff 05,56926,87281,3,3.856,6,3.531,directed
re 50,569247,1225539,15,6.808,22,5.55,directed
re 30,341549,506763,11,7.465,21,6.014,directed
re 15,170775,180122,5,8.834,23,7.039,directed
re 05,56926,42951,4,13.836,34,10.507,directed
rw 50,569247,1168569,21,7.418,27,5.91,directed
rw 30,341549,536308,21,8.315,26,6.544,directed
rw 15,170775,218961,16,9.938,35,7.654,directed
rw 05,56925,60876,11,13.998,41,10.331,directed
,,,,,,,
youtube-u-growth.edges,,,,,,,
graph,3223587,9375375,29,6.28,29,5.022,undirected
ff 50,1611794,5240602,1,4.598,8,4.039,undirected
ff 30,967076,2809435,1,3.942,7,3.696,undirected
ff 15,483539,965416,1,3.791,6,3.411,undirected
ff 05,161181,208479,1,3.76,6,3.191,undirected
re 50,1611793,2695626,34,6.432,19,5.261,undirected
re 30,967076,1237945,24,6.868,23,5.63,undirected
re 15,483539,480520,32,7.964,22,6.404,undirected
re 05,161181,123992,41,11.943,33,8.693,undirected
rw 50,1611793,2904203,50,6.884,28,5.508,undirected
rw 30,967076,1479087,39,7.415,24,5.873,undirected
rw 15,483538,633437,31,8.394,31,6.545,undirected
rw 05,161180,180581,22,10.889,37,8.101,undirected
,,,,,,,
zhishi-baidu-internallink.edges,,,,,,,
graph,2141302,17643698,24,4.764,17,4.143,directed
ff 50,1032096,8246999,20,4.833,14,4.223,directed
ff 30,642391,4413707,5,4.8,9,4.276,directed
ff 15,321196,1448301,5,4.727,8,4.244,directed
ff 05,107066,280099,4,4.534,7,4.092,directed
re 50,1070650,2475145,13,6.275,20,5.376,directed
re 30,642390,940880,8,7.688,24,6.402,directed
re 15,321195,316999,5,10.484,29,8.411,directed
re 05,107066,75565,2,21.931,53,14.958,directed
rw 50,1070650,2032463,27,6.251,25,5.286,directed
rw 30,642390,1019391,23,6.826,25,5.646,directed
rw 15,321195,429733,19,7.703,23,6.182,directed
rw 05,107065,116939,14,9.788,31,7.54,directed
,,,,,,,
zhishi-hudong-internallink.edges,,,,,,,
graph,1984486,14869485,31,4.725,15,4.108,directed
ff 50,935477,6181911,31,4.872,18,4.275,directed
ff 30,577211,4465242,31,4.853,16,4.225,directed
ff 15,297674,2075431,10,4.941,9,4.376,directed
ff 05,99225,347305,4,4.895,9,4.456,directed
re 50,992242,1789446,34,6.753,19,5.7,directed
re 30,595346,751171,29,8.195,24,6.81,directed
re 15,297673,281065,13,11.148,32,8.94,directed
re 05,99226,72130,4,25.964,64,17.641,directed
rw 50,992242,1765796,27,5.984,20,5.191,directed
rw 30,595346,967778,23,6.394,20,5.377,directed
rw 15,297673,450551,15,6.753,29,5.594,directed
rw 05,99225,131830,10,7.681,52,6.195,directed